layer_index,layer_name,head,epoch,train_loss,val_per,test_per
0,feature_projection,Linear,1,9.542297493494473,0.6463428867724214,0.6627418084222431
0,feature_projection,Linear,2,5.484242884012369,0.6680176374623993,0.6785766166064355
0,feature_projection,Linear,3,3.73444207906723,0.6524149210350574,0.663929159579161
0,feature_projection,Linear,4,2.9707506647476785,0.62475646835954,0.6352582148670146
0,feature_projection,Linear,5,2.530324135376857,0.5957740079184403,0.6036745479502305
0,feature_projection,Linear,6,2.2311272877913253,0.5698843285982954,0.5750432875746809
0,feature_projection,Linear,7,2.0176697767697847,0.5451435937569266,0.5513573889599744
0,feature_projection,Linear,8,1.8616228011938243,0.5249054291800757,0.5299339702660364
0,feature_projection,Linear,9,1.743774585540478,0.508515584855808,0.5126454907179342
0,feature_projection,Linear,10,1.651285915191357,0.4923662365247403,0.49702477908404474
0,feature_projection,MLP,1,5.206367350541628,0.9990150628776087,0.9988452373249759
0,feature_projection,MLP,2,3.0835501423248877,0.8517420075402485,0.8579441844254749
0,feature_projection,MLP,3,2.2555273505357594,0.5953526414823073,0.6075767361033705
0,feature_projection,MLP,4,1.684630321080868,0.46676967972276096,0.4766336807688765
0,feature_projection,MLP,5,1.424728192274387,0.4133252333698766,0.4223709777451168
0,feature_projection,MLP,6,1.2947945938660548,0.3853588722519114,0.3929967391418353
0,feature_projection,MLP,7,1.2147668655102069,0.3655131729400154,0.3704558326594081
0,feature_projection,MLP,8,1.1553563379324399,0.35540983656842806,0.35790335313636557
0,feature_projection,MLP,9,1.1116908233899336,0.34271411829779563,0.3446940321885714
0,feature_projection,MLP,10,1.0760293664840552,0.3359065418867637,0.33621854079021996
0,feature_projection,BiLSTM,1,4.289192255643698,1.0,1.0
0,feature_projection,BiLSTM,2,2.552032695366786,0.8277753819314985,0.8323392801636745
0,feature_projection,BiLSTM,3,1.7477646346275624,0.6460829405694088,0.6587139415125182
0,feature_projection,BiLSTM,4,1.3263146817684173,0.4753021262406105,0.48877982388992164
0,feature_projection,BiLSTM,5,1.101617924295939,0.38456182642509396,0.3946330553840516
0,feature_projection,BiLSTM,6,0.9679389894008636,0.3285283517586561,0.3354518591475883
0,feature_projection,BiLSTM,7,0.8777975756388444,0.2906777934929852,0.2976295462738584
0,feature_projection,BiLSTM,8,0.8102952326719578,0.27695843428398403,0.28375983556717577
0,feature_projection,BiLSTM,9,0.7567668279776206,0.25182403063882663,0.2583313737150989
0,feature_projection,BiLSTM,10,0.7115193220285269,0.24244678265953148,0.2462839557285036
0,feature_projection,Conv1D,1,3.5333114449794474,0.6878413407639559,0.6983288799806723
0,feature_projection,Conv1D,2,1.4510767455284412,0.37398383269815816,0.38170708026068806
0,feature_projection,Conv1D,3,1.0459537535905838,0.31712608813110094,0.3235020570333988
0,feature_projection,Conv1D,4,0.9114606057222073,0.28754620244442414,0.2943166650772068
0,feature_projection,Conv1D,5,0.8325296743558004,0.2723786342100679,0.27399135339720476
0,feature_projection,Conv1D,6,0.7761020518266237,0.26062953807236183,0.26542159188688774
0,feature_projection,Conv1D,7,0.7303880565441572,0.25169545050433806,0.25263784254015886
0,feature_projection,Conv1D,8,0.6930491793614167,0.24166452636382463,0.24485974845688696
0,feature_projection,Conv1D,9,0.6597309731520139,0.23693628938277175,0.24037720626466091
0,feature_projection,Conv1D,10,0.6315771717291612,0.2302873928116577,0.23562305810101314
0,feature_projection,LiteConformer,1,3.9668182235497693,1.0,1.0
0,feature_projection,LiteConformer,2,2.6980954041847816,0.7265721899925622,0.737208071303129
0,feature_projection,LiteConformer,3,1.7339319073236905,0.557086984455401,0.5653942257436716
0,feature_projection,LiteConformer,4,1.3742275540645306,0.43672077751800376,0.4374796795350878
0,feature_projection,LiteConformer,5,1.2185999017495375,0.4167011474687352,0.4174582505731003
0,feature_projection,LiteConformer,6,1.1220837698532984,0.3756882771339978,0.376400469153481
0,feature_projection,LiteConformer,7,1.0550408232670563,0.36941832817038045,0.3753497696128877
0,feature_projection,LiteConformer,8,1.003344053030014,0.3524836039792185,0.35523755548705677
0,feature_projection,LiteConformer,9,0.9602616245930011,0.3375708626654148,0.3401958972867849
0,feature_projection,LiteConformer,10,0.9256821263294953,0.33049746801370095,0.33392110346400317
1,encoder_1,Linear,1,10.081209566042974,0.6569182704231598,0.6682379577582728
1,encoder_1,Linear,2,6.343118805151719,0.6867496826640705,0.6964832720640411
1,encoder_1,Linear,3,4.17991728415856,0.6679316729376737,0.6793507109017409
1,encoder_1,Linear,4,3.1829304089913,0.6337070347078034,0.6422556574094056
1,encoder_1,Linear,5,2.629888466688303,0.5972521375516132,0.6017730586412369
1,encoder_1,Linear,6,2.2725486448177925,0.5613350647229973,0.5645173606624774
1,encoder_1,Linear,7,2.0240611140544598,0.5357233855757616,0.5348890655094788
1,encoder_1,Linear,8,1.842470949429732,0.5137006095570841,0.5108525421127064
1,encoder_1,Linear,9,1.7046984544167152,0.49312345599024027,0.49042321874455275
1,encoder_1,Linear,10,1.5969643734968626,0.4754703873878798,0.47307568708277264
1,encoder_1,MLP,1,5.527503474859091,0.9855379098462937,0.985441839625695
1,encoder_1,MLP,2,3.1589587459197412,0.8907915347029284,0.8951750557439377
1,encoder_1,MLP,3,2.5107604732880224,0.6757390054328138,0.6851374531953776
1,encoder_1,MLP,4,1.799291399350533,0.5245979705034794,0.5290787539059422
1,encoder_1,MLP,5,1.4339416320507343,0.45434757134336295,0.45664347026594293
1,encoder_1,MLP,6,1.2477656992582173,0.4162287946578945,0.4190970252435721
1,encoder_1,MLP,7,1.1401022319610303,0.38486935492099983,0.38755534497380345
1,encoder_1,MLP,8,1.0708845461790377,0.3619866415339217,0.3648042141203384
1,encoder_1,MLP,9,1.019383061849154,0.349937104818437,0.35236351371728974
1,encoder_1,MLP,10,0.9810616740813622,0.33556688521664474,0.3388017954177217
1,encoder_1,BiLSTM,1,4.402917374097384,0.9996427777536868,0.9998010837255363
1,encoder_1,BiLSTM,2,2.786625686058631,0.8557474894369811,0.860282552789167
1,encoder_1,BiLSTM,3,1.8308143753271837,0.6385008202893655,0.6470046282534769
1,encoder_1,BiLSTM,4,1.2464715836139826,0.43289473290864117,0.4414896367319853
1,encoder_1,BiLSTM,5,0.9741337569860312,0.32025403209447895,0.32301913226871687
1,encoder_1,BiLSTM,6,0.8307568861888005,0.26884422442016964,0.2741277274865329
1,encoder_1,BiLSTM,7,0.7415026371295635,0.24491936790309446,0.2481164831207345
1,encoder_1,BiLSTM,8,0.6770082139051877,0.21503523184625975,0.2185281277312169
1,encoder_1,BiLSTM,9,0.6284663355121246,0.21373912896436728,0.2197693022832333
1,encoder_1,BiLSTM,10,0.5882388812991289,0.20185890707707815,0.2061235678539846
1,encoder_1,Conv1D,1,3.566384650193728,0.649014193319433,0.6587995598692754
1,encoder_1,Conv1D,2,1.280225395010068,0.33178117442012006,0.33408636758740184
1,encoder_1,Conv1D,3,0.8707443283154415,0.2626501973714882,0.2653370509428272
1,encoder_1,Conv1D,4,0.7483125544511355,0.23952662341307693,0.23935328720927485
1,encoder_1,Conv1D,5,0.6814779772208287,0.2284609299154804,0.22771542067042103
1,encoder_1,Conv1D,6,0.635575495660305,0.218256124833313,0.2189052676196976
1,encoder_1,Conv1D,7,0.600227167743903,0.20972214399837916,0.21121505525065945
1,encoder_1,Conv1D,8,0.5713087522066557,0.20426536224542646,0.2052329532898814
1,encoder_1,Conv1D,9,0.5463771817775873,0.19605965716679702,0.19867404633110636
1,encoder_1,Conv1D,10,0.5241030194438421,0.19237060084335658,0.19518238314384756
1,encoder_1,LiteConformer,1,3.959334056194012,1.0,1.0
1,encoder_1,LiteConformer,2,3.019304230579963,0.8152378605816744,0.8172093608815236
1,encoder_1,LiteConformer,3,2.1711883201048923,0.658179654063169,0.6621276806319292
1,encoder_1,LiteConformer,4,1.4362927744021783,0.5131084969867854,0.5151819887989131
1,encoder_1,LiteConformer,5,1.1757017699571757,0.42571557429692003,0.4306189470486512
1,encoder_1,LiteConformer,6,1.0616520349796001,0.39289139583455307,0.40040692778846154
1,encoder_1,LiteConformer,7,0.9865975636702318,0.37249405973259414,0.3767083613858425
1,encoder_1,LiteConformer,8,0.9297477116951576,0.3806244749594408,0.38516527763956315
1,encoder_1,LiteConformer,9,0.8864785657479213,0.31924501973176656,0.32637244741528143
1,encoder_1,LiteConformer,10,0.8479105772880408,0.3104514348246853,0.3181933552009335
2,encoder_2,Linear,1,10.392282247543335,0.5743883298796114,0.5809153877301996
2,encoder_2,Linear,2,6.891784403874324,0.5533014186766818,0.5499998743321654
2,encoder_2,Linear,3,4.514064112076393,0.5486655630720132,0.5532318620600225
2,encoder_2,Linear,4,3.2346478590598475,0.5360537461697957,0.5398819206648466
2,encoder_2,Linear,5,2.5464583424421456,0.5199987195354577,0.5207345672373206
2,encoder_2,Linear,6,2.137732478747001,0.49885622774867744,0.5000389536435786
2,encoder_2,Linear,7,1.8682181023634397,0.4727499342323898,0.4746327598007708
2,encoder_2,Linear,8,1.676440166051571,0.45094158908857596,0.44858124873310196
2,encoder_2,Linear,9,1.5324004631776076,0.4298695730679767,0.4257312562698385
2,encoder_2,Linear,10,1.4202583931959591,0.40728521987142235,0.40487824540525896
2,encoder_2,MLP,1,5.715051855490758,0.9221255798744031,0.9207150400241422
2,encoder_2,MLP,2,3.17136302452821,0.8510247543655444,0.8536446110570781
2,encoder_2,MLP,3,2.542393143360431,0.6167068375059889,0.6235800396774487
2,encoder_2,MLP,4,1.6786606449347277,0.4497947063146616,0.45521930466333543
2,encoder_2,MLP,5,1.253804268516027,0.3616606023126878,0.3633824221508999
2,encoder_2,MLP,6,1.0583785932797651,0.32368013599918133,0.3279516888346242
2,encoder_2,MLP,7,0.9555354072497442,0.29472112047833443,0.29809615637241227
2,encoder_2,MLP,8,0.8933368391715564,0.2786910473667882,0.2807937571416901
2,encoder_2,MLP,9,0.8486322313547134,0.26550992147383107,0.26879048039919
2,encoder_2,MLP,10,0.8151932475658563,0.2539511845864777,0.25764065548363224
2,encoder_2,BiLSTM,1,4.3976229621813845,0.9704889416695676,0.96940897898007
2,encoder_2,BiLSTM,2,2.713626978489069,0.8403232641176354,0.8454542736993028
2,encoder_2,BiLSTM,3,1.5930834971941434,0.5303317428137097,0.5372669997981888
2,encoder_2,BiLSTM,4,1.033811823450602,0.3576329151503418,0.3557149220512198
2,encoder_2,BiLSTM,5,0.8087833649837054,0.2659148173525121,0.26442865216122663
2,encoder_2,BiLSTM,6,0.6931359414870922,0.22644847449206326,0.22703460092034575
2,encoder_2,BiLSTM,7,0.6223888059075062,0.20654729907676614,0.2046744734967098
2,encoder_2,BiLSTM,8,0.5716301788504307,0.1859048687678238,0.18756812596641423
2,encoder_2,BiLSTM,9,0.5322513901270353,0.1820318523126871,0.18305076607505938
2,encoder_2,BiLSTM,10,0.5000915428766838,0.17432289517034155,0.17740765340482822
2,encoder_2,Conv1D,1,3.6231168737778296,0.5867505951297748,0.5889585773593737
2,encoder_2,Conv1D,2,1.1059502995931185,0.27414632346110407,0.27580255012493815
2,encoder_2,Conv1D,3,0.7311169537214133,0.2184192455348858,0.2208258887917053
2,encoder_2,Conv1D,4,0.6267351899009485,0.20089977585115026,0.2028193199059323
2,encoder_2,Conv1D,5,0.5711860604011095,0.18678688406336427,0.1900130947939256
2,encoder_2,Conv1D,6,0.532617059464638,0.18150708731590537,0.18528267334813764
2,encoder_2,Conv1D,7,0.5028574579037153,0.174317535752287,0.17708912665996324
2,encoder_2,Conv1D,8,0.47788706708412904,0.17215253479932366,0.17564592844664118
2,encoder_2,Conv1D,9,0.4561453314927908,0.16788030125594833,0.16972583977685005
2,encoder_2,Conv1D,10,0.4368834999891428,0.1674826359007584,0.16994374029116407
2,encoder_2,LiteConformer,1,4.083202652747815,1.0,1.0
2,encoder_2,LiteConformer,2,3.0945028424263,0.9849341275565875,0.9843323212753116
2,encoder_2,LiteConformer,3,2.2608077058425318,0.6170925773049424,0.6279242252958959
2,encoder_2,LiteConformer,4,1.3401779651641845,0.4614067961800573,0.4696487792279168
2,encoder_2,LiteConformer,5,1.030824025089924,0.3523703947901219,0.3602896648813047
2,encoder_2,LiteConformer,6,0.8951663503280053,0.32213687039787264,0.33169062892781415
2,encoder_2,LiteConformer,7,0.817427803002871,0.2991021835753333,0.30686983449352184
2,encoder_2,LiteConformer,8,0.7650364293501928,0.2829795974684946,0.28703580967581366
2,encoder_2,LiteConformer,9,0.7264989224764017,0.2791111555515563,0.28283466496454746
2,encoder_2,LiteConformer,10,0.6965896734824547,0.2553256847138157,0.2571448378614633
3,encoder_3,Linear,1,10.214599227905273,0.5543423620278416,0.555985262293306
3,encoder_3,Linear,2,6.658157781454233,0.4596319251794803,0.4604156706694942
3,encoder_3,Linear,3,4.321281681610988,0.4229196599686087,0.4232592583217024
3,encoder_3,Linear,4,3.0420438307982223,0.4073851255811975,0.4078473638704116
3,encoder_3,Linear,5,2.3382105332154492,0.39344795734867966,0.39210205266062004
3,encoder_3,Linear,6,1.9240166847522442,0.37497876446069267,0.37526750064065845
3,encoder_3,Linear,7,1.657739364183866,0.35914100488844597,0.35908840222397376
3,encoder_3,Linear,8,1.4726331816269802,0.3403648313775518,0.3426541782969712
3,encoder_3,Linear,9,1.336992678275475,0.32988776918883156,0.3283228488138238
3,encoder_3,Linear,10,1.2331474744356596,0.31671314971742687,0.31544255321953263
3,encoder_3,MLP,1,5.688503771561843,0.9096058768721649,0.9124617027942696
3,encoder_3,MLP,2,3.117557001113892,0.8511727049551143,0.8537392391669255
3,encoder_3,MLP,3,2.250657465366217,0.549025621631768,0.5548783315219555
3,encoder_3,MLP,4,1.375119313139182,0.37611007334963015,0.3747954179589097
3,encoder_3,MLP,5,1.008609066788967,0.29287452762457683,0.29377162211646646
3,encoder_3,MLP,6,0.8698072266120177,0.2668688901932769,0.2654209371934061
3,encoder_3,MLP,7,0.8004447226340954,0.24570859427890018,0.24557470488934394
3,encoder_3,MLP,8,0.7561212046788289,0.23045861897879139,0.23127102114576978
3,encoder_3,MLP,9,0.7217996636262307,0.2201719905979982,0.2230840728467371
3,encoder_3,MLP,10,0.6993753607456501,0.21600552694112946,0.2172591374573275
3,encoder_3,BiLSTM,1,4.417348383023189,0.9591204954544919,0.958197613325286
3,encoder_3,BiLSTM,2,2.577772240455334,0.7962886963317641,0.8020630761307089
3,encoder_3,BiLSTM,3,1.3527997202598132,0.42820207678850514,0.42802423878415835
3,encoder_3,BiLSTM,4,0.8550546205960787,0.2736105017264626,0.2719514743843149
3,encoder_3,BiLSTM,5,0.6772063240408898,0.21108551778321827,0.21157509575917013
3,encoder_3,BiLSTM,6,0.5891691763813679,0.1777738327371449,0.1786363850082343
3,encoder_3,BiLSTM,7,0.5342719439130563,0.17133655078449397,0.1735558422014088
3,encoder_3,BiLSTM,8,0.4957039546508055,0.15918764522006332,0.1638007916055966
3,encoder_3,BiLSTM,9,0.4650355767745238,0.15414558454463,0.1583104859148206
3,encoder_3,BiLSTM,10,0.43895443953000585,0.14797870830050255,0.15303957527293557
3,encoder_3,Conv1D,1,3.3835108413146093,0.47122696434217043,0.4675307555414386
3,encoder_3,Conv1D,2,0.8666017981675955,0.22281064789353083,0.2237509906885788
3,encoder_3,Conv1D,3,0.6154139681504323,0.18351551807866842,0.1845791847386972
3,encoder_3,Conv1D,4,0.5404395552781912,0.17282132632889963,0.17174848569173837
3,encoder_3,Conv1D,5,0.4973817228124692,0.16616418325926094,0.16483532697761819
3,encoder_3,Conv1D,6,0.4662533756632071,0.15702925618094804,0.15479876707153478
3,encoder_3,Conv1D,7,0.4415889615049729,0.15300354844538713,0.1517104678908051
3,encoder_3,Conv1D,8,0.42036955058574677,0.14912046976364757,0.14738951277298012
3,encoder_3,Conv1D,9,0.4024486719415738,0.14715246853111957,0.14644919068520176
3,encoder_3,Conv1D,10,0.38565108053959335,0.14427142474889332,0.14279788774397212
3,encoder_3,LiteConformer,1,3.943941384095412,1.0,1.0
3,encoder_3,LiteConformer,2,2.972259842432462,0.8285834279635347,0.8329733507169111
3,encoder_3,LiteConformer,3,1.8430645649249737,0.5061729140985578,0.5110098503003481
3,encoder_3,LiteConformer,4,1.0777286353019568,0.31971507540213606,0.3208354902881856
3,encoder_3,LiteConformer,5,0.8329969834822875,0.27697104366990666,0.279860345997913
3,encoder_3,LiteConformer,6,0.7330782415775152,0.24981186018522358,0.25265292272708045
3,encoder_3,LiteConformer,7,0.6770079663166633,0.23020447911946798,0.23632283815719635
3,encoder_3,LiteConformer,8,0.6384254227464016,0.2154724089337684,0.2195120075875649
3,encoder_3,LiteConformer,9,0.6073799854287735,0.21372923264271382,0.21503263778215517
3,encoder_3,LiteConformer,10,0.5821307903298965,0.21117506758578233,0.21287881780412488
4,encoder_4,Linear,1,10.237262410383957,0.5132301366704731,0.5145275942356046
4,encoder_4,Linear,2,6.583561697373024,0.42937526864641845,0.43118146185817896
4,encoder_4,Linear,3,4.1587167208011335,0.4017394841292747,0.40189956338511323
4,encoder_4,Linear,4,2.8533548529331503,0.3848115649808102,0.38433308584809306
4,encoder_4,Linear,5,2.146174833866266,0.36259600472650094,0.36226401499523464
4,encoder_4,Linear,6,1.7357155937414903,0.3384183881045493,0.33878019606388343
4,encoder_4,Linear,7,1.4740713953971862,0.3140987495050382,0.31552948451489016
4,encoder_4,Linear,8,1.2935613132440127,0.29380243692568686,0.29423685810890293
4,encoder_4,Linear,9,1.1618341335883506,0.27656933142524603,0.27608185931946444
4,encoder_4,Linear,10,1.0620487873370832,0.26347559603499254,0.2608195982345879
4,encoder_4,MLP,1,5.638991763041569,0.909570044367479,0.9113247108174399
4,encoder_4,MLP,2,3.1883665094008813,0.9097220093461037,0.9119844209014178
4,encoder_4,MLP,3,2.5499414439384753,0.6039093423751313,0.6065168521347027
4,encoder_4,MLP,4,1.365031696512149,0.3286547845612308,0.32377596949633397
4,encoder_4,MLP,5,0.8757098326316246,0.24182074446280816,0.23380422407075652
4,encoder_4,MLP,6,0.7372763060606443,0.21250892595799892,0.20614010000948418
4,encoder_4,MLP,7,0.6757684056575481,0.20042063221427883,0.1946926260858169
4,encoder_4,MLP,8,0.6383462810745606,0.18821579369689734,0.18403437993043442
4,encoder_4,MLP,9,0.6115706174419476,0.18267635256670883,0.1797312342065236
4,encoder_4,MLP,10,0.5905663663378129,0.17592089427953925,0.17274598980383898
4,encoder_4,BiLSTM,1,4.452135844414051,0.9615283133863137,0.9602088289006874
4,encoder_4,BiLSTM,2,2.5529866892557878,0.8217204260229426,0.828131171470601
4,encoder_4,BiLSTM,3,1.2519561549791922,0.37856048508537793,0.3779057209900997
4,encoder_4,BiLSTM,4,0.749836997802441,0.21144616194318122,0.2039028647621551
4,encoder_4,BiLSTM,5,0.5879734557408552,0.17126675761522653,0.16513320384421043
4,encoder_4,BiLSTM,6,0.512618806041204,0.15133397152787575,0.14767668274065185
4,encoder_4,BiLSTM,7,0.4670230867771002,0.14605013599970956,0.14201726170465007
4,encoder_4,BiLSTM,8,0.4339425123654879,0.1415653239355867,0.1385603993843746
4,encoder_4,BiLSTM,9,0.4083776355935977,0.13842786588599862,0.13592353541118965
4,encoder_4,BiLSTM,10,0.3862085683987691,0.1326056060429759,0.12883990533124928
4,encoder_4,Conv1D,1,3.546667196200444,0.5733501868563633,0.5773382668562821
4,encoder_4,Conv1D,2,0.8659398115598238,0.1963479573228826,0.18986940399630745
4,encoder_4,Conv1D,3,0.550613917524998,0.16176063191424594,0.1571860022378836
4,encoder_4,Conv1D,4,0.4833552405238152,0.15023584494116687,0.14638004766696822
4,encoder_4,Conv1D,5,0.4463739482256082,0.1415466298649833,0.13778806978373556
4,encoder_4,Conv1D,6,0.41961285162430545,0.1392745826193944,0.13438386265015087
4,encoder_4,Conv1D,7,0.39779198502118773,0.13641398052595133,0.13174253615242582
4,encoder_4,Conv1D,8,0.37913308349939495,0.13281941791033705,0.12839221983301086
4,encoder_4,Conv1D,9,0.3628000448529537,0.12859127776062065,0.1254000857152475
4,encoder_4,Conv1D,10,0.3481254598842217,0.1275075359038657,0.12395435242340408
4,encoder_4,LiteConformer,1,3.949030046279614,1.0,1.0
4,encoder_4,LiteConformer,2,2.932396639310397,0.8461926897436529,0.8448996008918209
4,encoder_4,LiteConformer,3,1.8039028722506303,0.4575493861555423,0.4572500147579871
4,encoder_4,LiteConformer,4,0.9690327474704156,0.29676840427407863,0.29448458909822245
4,encoder_4,LiteConformer,5,0.749544889651812,0.25512500254451886,0.2532316540858175
4,encoder_4,LiteConformer,6,0.6618302177924377,0.22594305616105623,0.22645890097197566
4,encoder_4,LiteConformer,7,0.6062089804273385,0.2180015711821205,0.21727054527251133
4,encoder_4,LiteConformer,8,0.565965352493983,0.20723707255718585,0.2062045248427715
4,encoder_4,LiteConformer,9,0.5336756152602342,0.18876484315519132,0.18875784067768883
4,encoder_4,LiteConformer,10,0.5045403929857107,0.178727680534736,0.17702234767352865
5,encoder_5,Linear,1,10.416227590120755,0.5234519456886416,0.5166782561000025
5,encoder_5,Linear,2,6.924991018955524,0.4205579603963225,0.421957853870721
5,encoder_5,Linear,3,4.54532162134464,0.388544848308003,0.39087782511446223
5,encoder_5,Linear,4,3.204197890024919,0.36563012829502667,0.36776439513042597
5,encoder_5,Linear,5,2.413909502671315,0.34559898934357774,0.34717334215388307
5,encoder_5,Linear,6,1.922404751410851,0.32460501173078665,0.32311615188920007
5,encoder_5,Linear,7,1.5991573040301983,0.2991259446215334,0.2974829066493786
5,encoder_5,Linear,8,1.3750577642367436,0.27804579618091496,0.27393905995852647
5,encoder_5,Linear,9,1.2126613332675054,0.2597846168450148,0.2555123438685145
5,encoder_5,Linear,10,1.0906006549413387,0.24484461078517566,0.24106814923883657
5,encoder_5,MLP,1,5.843417427173027,0.9126086459184048,0.9145516088967707
5,encoder_5,MLP,2,3.2333006684596723,0.9119822126653875,0.9138109019270895
5,encoder_5,MLP,3,2.854740803058331,0.8223325610876013,0.8255510594881795
5,encoder_5,MLP,4,1.6551867262675213,0.37745875387919736,0.3750909929898595
5,encoder_5,MLP,5,0.9195209159300878,0.24213637868975493,0.2350734819420091
5,encoder_5,MLP,6,0.7120191904214712,0.20082828410498194,0.19134190181395064
5,encoder_5,MLP,7,0.6291847337897007,0.18247910205248194,0.1728483460419436
5,encoder_5,MLP,8,0.5848297394238986,0.17033460008744958,0.16165584031727184
5,encoder_5,MLP,9,0.5547273090252509,0.16318939823561118,0.15371984939304117
5,encoder_5,MLP,10,0.533923132946858,0.1592810518159141,0.15035954508831298
5,encoder_5,BiLSTM,1,4.437880486708421,0.9712581817807252,0.9712044364674349
5,encoder_5,BiLSTM,2,2.6056881950451776,0.9239749913148171,0.9270502792735917
5,encoder_5,BiLSTM,3,1.2588028341531754,0.3717860179328464,0.37257313559475386
5,encoder_5,BiLSTM,4,0.7127382851563967,0.19461800031647525,0.18858980982823598
5,encoder_5,BiLSTM,5,0.549753917982945,0.16240065419989708,0.1583505202479091
5,encoder_5,BiLSTM,6,0.47829258854572587,0.14077258965884434,0.13511198741531225
5,encoder_5,BiLSTM,7,0.4354336894475497,0.13230802252147802,0.1266283698133115
5,encoder_5,BiLSTM,8,0.40500820531294895,0.12836291872796585,0.12370050009271474
5,encoder_5,BiLSTM,9,0.381099891777222,0.1318894075743664,0.12648600883768557
5,encoder_5,BiLSTM,10,0.36092735471633763,0.1198040989379469,0.1156997927253682
5,encoder_5,Conv1D,1,3.7011969923973083,0.6436978300957508,0.6407363640946382
5,encoder_5,Conv1D,2,0.8326742414098519,0.17619525712212497,0.1660697989158957
5,encoder_5,Conv1D,3,0.5009732786279458,0.1430453357777899,0.13497386855215351
5,encoder_5,Conv1D,4,0.43871150784767593,0.13519348253518482,0.127612014114825
5,encoder_5,Conv1D,5,0.40532840192317965,0.12887227164473133,0.12245538879860017
5,encoder_5,Conv1D,6,0.381227071583271,0.12521853441298197,0.11675591272039977
5,encoder_5,Conv1D,7,0.36193310561088415,0.12002107564843845,0.11389156358667638
5,encoder_5,Conv1D,8,0.3459556973324372,0.11712106072655973,0.11270266072595754
5,encoder_5,Conv1D,9,0.33160324257153734,0.11405504114254364,0.11135319412640272
5,encoder_5,Conv1D,10,0.31841738126598873,0.11406727221154328,0.110090412508934
5,encoder_5,LiteConformer,1,3.939249811722682,1.0,1.0
5,encoder_5,LiteConformer,2,2.992127887102274,0.9291349327991028,0.9279539056933315
5,encoder_5,LiteConformer,3,1.792153155345183,0.48535663546058755,0.4861062392579618
5,encoder_5,LiteConformer,4,0.950804324562733,0.30652738673892377,0.30083234105173434
5,encoder_5,LiteConformer,5,0.7226796546807656,0.25140239200039605,0.24889143095785596
5,encoder_5,LiteConformer,6,0.6273062927218583,0.2385100720143716,0.23429968375511953
5,encoder_5,LiteConformer,7,0.5685349481610151,0.19912835285031127,0.19830010707028642
5,encoder_5,LiteConformer,8,0.5288131179717871,0.18084251525715397,0.17963214386055837
5,encoder_5,LiteConformer,9,0.4987980635120319,0.17079480908534908,0.17109152913654385
5,encoder_5,LiteConformer,10,0.4734648004174232,0.1768298484996164,0.17842016716981646
6,encoder_6,Linear,1,10.42003313578092,0.5488532345190102,0.5550693308145989
6,encoder_6,Linear,2,7.126041555404663,0.5094404574292212,0.5169150973983939
6,encoder_6,Linear,3,4.82825970191222,0.5080109489459179,0.5188140905358257
6,encoder_6,Linear,4,3.4741318721037646,0.5006181607268165,0.5103215278290749
6,encoder_6,Linear,5,2.658578876348642,0.47899703890918377,0.484646651242973
6,encoder_6,Linear,6,2.140244806271333,0.4479932742403736,0.45224105151930033
6,encoder_6,Linear,7,1.7902266236451956,0.41187239589462765,0.41644967330529176
6,encoder_6,Linear,8,1.5404262070472423,0.3738268134894061,0.37626545849558657
6,encoder_6,Linear,9,1.3535080643800588,0.334135807849631,0.3344877727351912
6,encoder_6,Linear,10,1.2091301143169404,0.29910536326847403,0.29752111000262654
6,encoder_6,MLP,1,5.814169076772837,0.9080677296956582,0.9089096629331793
6,encoder_6,MLP,2,3.248195778406583,0.9051708861724639,0.9072224523069733
6,encoder_6,MLP,3,2.882243979894198,0.8366422077732416,0.8426761148574297
6,encoder_6,MLP,4,1.7522088431395018,0.41621291575851727,0.40993754074638533
6,encoder_6,MLP,5,0.9348756045103073,0.24408394892712523,0.2335272738266513
6,encoder_6,MLP,6,0.7018924965308263,0.19033501100499206,0.18073930985673264
6,encoder_6,MLP,7,0.6158440511960249,0.16840467742567433,0.1575791278428469
6,encoder_6,MLP,8,0.5672158621824704,0.16199903775961172,0.15133756722452277
6,encoder_6,MLP,9,0.5376269787549972,0.15329584898489892,0.14127071789986936
6,encoder_6,MLP,10,0.5147444712427947,0.1479815188519459,0.1362337098619323
6,encoder_6,BiLSTM,1,4.484216769842001,0.9717456060029728,0.9716956766653675
6,encoder_6,BiLSTM,2,2.633933318119783,0.947288986899094,0.950363017258025
6,encoder_6,BiLSTM,3,1.3486940897428072,0.4045381214804495,0.4005513221891825
6,encoder_6,BiLSTM,4,0.7446805882912416,0.20861623370889423,0.20475256074656886
6,encoder_6,BiLSTM,5,0.5499973952770233,0.1517779755586125,0.1487841440064649
6,encoder_6,BiLSTM,6,0.4643762674469214,0.13877469605444065,0.1350650181913637
6,encoder_6,BiLSTM,7,0.4155888400398768,0.13101595968371818,0.1262534962803705
6,encoder_6,BiLSTM,8,0.3825500921561168,0.12357034879944395,0.11903806075142298
6,encoder_6,BiLSTM,9,0.35627159183988205,0.11963549753898393,0.11649860093564368
6,encoder_6,BiLSTM,10,0.3342855142286191,0.11461524499168847,0.11234876283310583
6,encoder_6,Conv1D,1,3.71467036650731,0.7109299911120216,0.7154494656374235
6,encoder_6,Conv1D,2,0.9258232378042661,0.16711375457256292,0.15967092457145368
6,encoder_6,Conv1D,3,0.4900116537625973,0.136162446760975,0.12719471311428485
6,encoder_6,Conv1D,4,0.4196739231164639,0.1251742503956969,0.11696084337123185
6,encoder_6,Conv1D,5,0.3841278115144143,0.12111421612722428,0.11233679356404659
6,encoder_6,Conv1D,6,0.3600596207838792,0.11845545861707309,0.11089585746957496
6,encoder_6,Conv1D,7,0.3411312652895084,0.11489651391208526,0.10837132198628503
6,encoder_6,Conv1D,8,0.3248282253742218,0.11286907593248528,0.10644538686137084
6,encoder_6,Conv1D,9,0.3112653255462646,0.11021342230549033,0.10445678386367797
6,encoder_6,Conv1D,10,0.2989634848557986,0.10969376046154906,0.10385047196029083
6,encoder_6,LiteConformer,1,3.875942946397341,1.0,1.0
6,encoder_6,LiteConformer,2,3.0063253787847666,0.8731823796445095,0.8738690383434287
6,encoder_6,LiteConformer,3,1.839404624242049,0.48530627271028953,0.4826350599100563
6,encoder_6,LiteConformer,4,0.9844024816384682,0.33047166909781206,0.3224269714704882
6,encoder_6,LiteConformer,5,0.754978899886975,0.27775966755166326,0.27262968065936566
6,encoder_6,LiteConformer,6,0.6430542115981762,0.23561844789486688,0.23286770685301017
6,encoder_6,LiteConformer,7,0.5715600848197937,0.21247871595629542,0.20882335370213664
6,encoder_6,LiteConformer,8,0.5238065264545955,0.19352019390695946,0.19221521988739937
6,encoder_6,LiteConformer,9,0.48773859372505773,0.1806870402769656,0.1806660253731785
6,encoder_6,LiteConformer,10,0.46062747538089754,0.17499362046295056,0.17269061697737445
7,encoder_7,Linear,1,10.240477099785437,0.6552257305287502,0.6636798989968329
7,encoder_7,Linear,2,6.874656537862925,0.7303930335503273,0.7385540745908021
7,encoder_7,Linear,3,4.62561705662654,0.7602659915842086,0.7690598028323133
7,encoder_7,Linear,4,3.428416442871094,0.7469542291271097,0.7549562385167808
7,encoder_7,Linear,5,2.737030465786274,0.701198660070466,0.7104160545907918
7,encoder_7,Linear,6,2.2710731896070335,0.6349226313769575,0.6469441606587686
7,encoder_7,Linear,7,1.9268631669191214,0.5654334986429808,0.5729682170702689
7,encoder_7,Linear,8,1.6611684624965375,0.4900406575154701,0.49545788145456277
7,encoder_7,Linear,9,1.4514691265729758,0.4203762506233917,0.42319807308898827
7,encoder_7,Linear,10,1.2858299631338852,0.3650728461641596,0.3673269693644403
7,encoder_7,MLP,1,5.648757940989274,0.9045927531428324,0.9062445674044186
7,encoder_7,MLP,2,3.261620169419509,0.8996514832362507,0.9014089000019756
7,encoder_7,MLP,3,3.0296627906652596,0.8739581888926158,0.875440240645642
7,encoder_7,MLP,4,2.3405422751720133,0.6484403359273445,0.6545176071654257
7,encoder_7,MLP,5,1.2832003637002065,0.328233094829346,0.3244345577599151
7,encoder_7,MLP,6,0.8245084054194964,0.23362583391401046,0.22469386583321727
7,encoder_7,MLP,7,0.6750316961453511,0.1961592634203052,0.18953623638241845
7,encoder_7,MLP,8,0.6041387505256213,0.1704217303395381,0.1670036731501732
7,encoder_7,MLP,9,0.5613957439477627,0.15820397628474242,0.15458789271359047
7,encoder_7,MLP,10,0.531846981552931,0.1492514376457935,0.14508987534818232
7,encoder_7,BiLSTM,1,4.437109189767104,0.9885001270329362,0.9872123180632724
7,encoder_7,BiLSTM,2,2.6765428057083716,0.9680723032648829,0.9685672706593981
7,encoder_7,BiLSTM,3,1.4785931461132489,0.49248771275556996,0.49820867099447624
7,encoder_7,BiLSTM,4,0.8067985514035592,0.23885536438953087,0.24038408356372096
7,encoder_7,BiLSTM,5,0.5750807222265464,0.16025957229951476,0.15966069824583778
7,encoder_7,BiLSTM,6,0.47521583162821257,0.12925512193922883,0.12934123454525662
7,encoder_7,BiLSTM,7,0.41919421954796865,0.12433106012312095,0.12135168860183874
7,encoder_7,BiLSTM,8,0.3826732688225233,0.1215154733036373,0.11699570399357193
7,encoder_7,BiLSTM,9,0.3549542518762442,0.11436650010556315,0.11031151683918199
7,encoder_7,BiLSTM,10,0.33287724342483743,0.11205307962204661,0.10870182306742308
7,encoder_7,Conv1D,1,3.807862392755655,0.8371617002038655,0.8391999818945118
7,encoder_7,Conv1D,2,1.2006515778028048,0.19960324248363404,0.19762857201320638
7,encoder_7,Conv1D,3,0.5394992320583417,0.13154592495478534,0.12857451604829906
7,encoder_7,Conv1D,4,0.4307892598784887,0.12303280431143386,0.11622991881723828
7,encoder_7,Conv1D,5,0.3905019511397068,0.1197727423697877,0.11312923256888173
7,encoder_7,Conv1D,6,0.3646565750814401,0.11676746102131583,0.11092214237069777
7,encoder_7,Conv1D,7,0.34415024243868314,0.11314852391396926,0.1068082839182367
7,encoder_7,Conv1D,8,0.3277750302392703,0.11170155155877605,0.1046045278332777
7,encoder_7,Conv1D,9,0.31344708118301173,0.10984666309787501,0.10336665884401428
7,encoder_7,Conv1D,10,0.30070400782502615,0.10761745536177142,0.10162545986885133
7,encoder_7,LiteConformer,1,3.947928705582252,1.0,1.0
7,encoder_7,LiteConformer,2,3.0218019494643578,0.9665251276997376,0.9661745325366468
7,encoder_7,LiteConformer,3,2.0703271008454838,0.6586557141582469,0.6599391236477704
7,encoder_7,LiteConformer,4,1.0628921268077998,0.4245461949987744,0.42779412528010885
7,encoder_7,LiteConformer,5,0.782226898578497,0.3057514376927737,0.30957404437411506
7,encoder_7,LiteConformer,6,0.6691597470870385,0.26997688653460056,0.2737620953634576
7,encoder_7,LiteConformer,7,0.5963369581561823,0.24875219937761253,0.2558959322992023
7,encoder_7,LiteConformer,8,0.5463558020500037,0.2156697153947885,0.22285040339675544
7,encoder_7,LiteConformer,9,0.5074445724487304,0.1943233801246719,0.20083459818485652
7,encoder_7,LiteConformer,10,0.4750676253667245,0.19880556430788918,0.2055487585426347
8,encoder_8,Linear,1,9.943734599993778,0.687927975736247,0.6986869374462168
8,encoder_8,Linear,2,6.419148817429176,0.7298805991263086,0.7378637735103484
8,encoder_8,Linear,3,4.436006852296683,0.7590528372560983,0.7652361192854414
8,encoder_8,Linear,4,3.4808092245688806,0.7708133802402666,0.7751227289740388
8,encoder_8,Linear,5,2.9467007407775294,0.7185054638051015,0.7243819896332495
8,encoder_8,Linear,6,2.5680697230192333,0.656275594690287,0.660160198666447
8,encoder_8,Linear,7,2.2543797020728773,0.5870744569801091,0.5879254174518257
8,encoder_8,Linear,8,1.9789121980850513,0.5095144807055839,0.5085150571408725
8,encoder_8,Linear,9,1.7361605818455035,0.4270568110256851,0.4308925182830265
8,encoder_8,Linear,10,1.526782797391598,0.36383501019493336,0.3658790986006845
8,encoder_8,MLP,1,5.536493833248432,0.9817507463282993,0.9822322812137124
8,encoder_8,MLP,2,3.311410716863779,0.8963798091929227,0.8973661413246433
8,encoder_8,MLP,3,3.0490249707148624,0.8672881543870714,0.8694918899726669
8,encoder_8,MLP,4,2.2899716661526606,0.5615436809681157,0.5656633408126798
8,encoder_8,MLP,5,1.2490143613173412,0.2879177129867744,0.28171766920210134
8,encoder_8,MLP,6,0.7845408948568198,0.20194210283503616,0.19422734881841686
8,encoder_8,MLP,7,0.6411123667772,0.17066207961952634,0.1654643829523577
8,encoder_8,MLP,8,0.5750084470097835,0.1535251817879402,0.14997010377111542
8,encoder_8,MLP,9,0.5335166822259243,0.14535658026650433,0.14109436089744057
8,encoder_8,MLP,10,0.5062243027182726,0.1384118798703958,0.1350940116888257
8,encoder_8,BiLSTM,1,4.39577624797821,1.0,1.0
8,encoder_8,BiLSTM,2,2.684525273854916,0.9730604421401798,0.9712498364864918
8,encoder_8,BiLSTM,3,1.419426450591821,0.4341303424761281,0.4374700859731469
8,encoder_8,BiLSTM,4,0.7641448066784785,0.19683801671045786,0.19758493444480588
8,encoder_8,BiLSTM,5,0.5356823507409829,0.1448709466640589,0.14502040971534833
8,encoder_8,BiLSTM,6,0.4401585315282528,0.1228237257122015,0.12267502537896663
8,encoder_8,BiLSTM,7,0.3888142833342919,0.11759542397474113,0.11661687557895051
8,encoder_8,BiLSTM,8,0.3545923603841892,0.11243768352590036,0.11069274980811111
8,encoder_8,BiLSTM,9,0.3287014380670511,0.11114093708723827,0.11000631720801825
8,encoder_8,BiLSTM,10,0.30849497215105937,0.10853061971023996,0.10593821884263786
8,encoder_8,Conv1D,1,3.795744792314676,0.8301314076184168,0.8319344766863701
8,encoder_8,Conv1D,2,1.298852132833921,0.20150401483659952,0.20994639733605203
8,encoder_8,Conv1D,3,0.573335395180262,0.13906630578650825,0.13967989767388045
8,encoder_8,Conv1D,4,0.45435925939908395,0.12586693666798385,0.12560690290325596
8,encoder_8,Conv1D,5,0.40739844349714427,0.12105847895345932,0.11862745940787348
8,encoder_8,Conv1D,6,0.37692289180480515,0.11923146745859091,0.11636004778606666
8,encoder_8,Conv1D,7,0.35441303700208665,0.11525695605871945,0.11160579583413381
8,encoder_8,Conv1D,8,0.3362618615994087,0.11599219031455234,0.11125507929579548
8,encoder_8,Conv1D,9,0.32081372388280355,0.11334174006019328,0.10831297840408624
8,encoder_8,Conv1D,10,0.3072041530448657,0.11349794050902713,0.109301386417532
8,encoder_8,LiteConformer,1,3.9358950449870185,1.0,1.0
8,encoder_8,LiteConformer,2,3.009502340280093,0.9736109368916412,0.9718988293977093
8,encoder_8,LiteConformer,3,1.9726401824217576,0.6063877040713342,0.6119017953542061
8,encoder_8,LiteConformer,4,0.9831957872097309,0.34489115872313464,0.34776598197872466
8,encoder_8,LiteConformer,5,0.707599148612756,0.29027813236694067,0.2929146233739209
8,encoder_8,LiteConformer,6,0.5925276718460597,0.22618415322628532,0.2253729712231982
8,encoder_8,LiteConformer,7,0.5245520683435293,0.20122684685393294,0.20277904129059654
8,encoder_8,LiteConformer,8,0.4796868457243993,0.17588456660778506,0.17262912997588087
8,encoder_8,LiteConformer,9,0.44382969175393766,0.16250462560718434,0.1604915004225008
8,encoder_8,LiteConformer,10,0.41561822490050243,0.16652701343058937,0.1631849422690976
9,encoder_9,Linear,1,9.683323429181026,0.561263008967295,0.5656606439308768
9,encoder_9,Linear,2,5.74700338106889,0.44252827262041605,0.44780482219558365
9,encoder_9,Linear,3,3.674951039827787,0.3621574966209189,0.3661170559833983
9,encoder_9,Linear,4,2.624834810770475,0.3068435992541309,0.30778360286766054
9,encoder_9,Linear,5,2.0172939025438748,0.27549846731174504,0.27284906460470476
9,encoder_9,Linear,6,1.6264586467009323,0.25183852529881107,0.24945491500664987
9,encoder_9,Linear,7,1.3590452382197746,0.2335884867184121,0.23171956805704017
9,encoder_9,Linear,8,1.1700991802490674,0.21866274366695837,0.21628846069571134
9,encoder_9,Linear,9,1.033111652273398,0.20884858055614408,0.20304313629821016
9,encoder_9,Linear,10,0.930882967206148,0.19750415111575864,0.19185231776568776
9,encoder_9,MLP,1,5.455933995430286,0.9044066519494394,0.9061890161250812
9,encoder_9,MLP,2,3.210494125806368,0.8763941211989122,0.8793930843729361
9,encoder_9,MLP,3,2.1124254850240853,0.38235744125816146,0.38293435407786125
9,encoder_9,MLP,4,0.940681501535269,0.2074598031821787,0.19853381923838462
9,encoder_9,MLP,5,0.6668461267764751,0.16613337837548606,0.15915607537711782
9,encoder_9,MLP,6,0.5741978046985773,0.1495503343940655,0.14512869574714182
9,encoder_9,MLP,7,0.5248408388632995,0.1410337442336206,0.13396851398351264
9,encoder_9,MLP,8,0.4941081518164048,0.1337322821189767,0.12842034916071834
9,encoder_9,MLP,9,0.47075367042651545,0.13053741389199922,0.12581980935578552
9,encoder_9,MLP,10,0.4526772301930648,0.12706088248184144,0.12197530425233946
9,encoder_9,BiLSTM,1,4.322631961565751,0.992899500385129,0.9935472196235923
9,encoder_9,BiLSTM,2,2.2340088408726912,0.672988739493778,0.6798043914445685
9,encoder_9,BiLSTM,3,0.9466110362456395,0.2309801090618489,0.2256967220438479
9,encoder_9,BiLSTM,4,0.5693893237755849,0.14487363081002688,0.14202542879284444
9,encoder_9,BiLSTM,5,0.45354399875952645,0.12621552238712044,0.1215636026425054
9,encoder_9,BiLSTM,6,0.3984683642020592,0.11875958210704715,0.11406909000217005
9,encoder_9,BiLSTM,7,0.3646114328159736,0.11358716639838391,0.11033224436669967
9,encoder_9,BiLSTM,8,0.34014655500650404,0.1125502087410337,0.10892412129511007
9,encoder_9,BiLSTM,9,0.3200076531905394,0.10810236550796803,0.10445729933074875
9,encoder_9,BiLSTM,10,0.3033005724159571,0.1076567211195496,0.10319647463041279
9,encoder_9,Conv1D,1,3.2206309203918164,0.36478512247200223,0.36755031205535166
9,encoder_9,Conv1D,2,0.6783637273770112,0.14407521361448977,0.13780835064851418
9,encoder_9,Conv1D,3,0.4572945747237939,0.1249303786330829,0.12192221089726271
9,encoder_9,Conv1D,4,0.40021178344121344,0.11820984064836049,0.11532610181791882
9,encoder_9,Conv1D,5,0.3673085088913257,0.1164560787150036,0.11200295511537267
9,encoder_9,Conv1D,6,0.34494976470103633,0.11296693313734797,0.1081128877521874
9,encoder_9,Conv1D,7,0.3265965261711524,0.11087961494954855,0.10474930006295485
9,encoder_9,Conv1D,8,0.31225197716401176,0.10786572445616284,0.10369160725922
9,encoder_9,Conv1D,9,0.2993578067765786,0.10727412212974707,0.10415631210677156
9,encoder_9,Conv1D,10,0.2872294293573269,0.10776723087114759,0.1026926696315793
9,encoder_9,LiteConformer,1,3.8514877264316265,1.0,1.0
9,encoder_9,LiteConformer,2,2.80512418288451,0.8062004799808622,0.8079236367086742
9,encoder_9,LiteConformer,3,1.231893686377085,0.2575207722695409,0.25031177039839164
9,encoder_9,LiteConformer,4,0.6619648639972393,0.18838035183195126,0.1818893257750214
9,encoder_9,LiteConformer,5,0.5254748534697753,0.17104442576174644,0.16525629019040183
9,encoder_9,LiteConformer,6,0.46127378986432,0.1497504537322056,0.14362414200986476
9,encoder_9,LiteConformer,7,0.42184128967615275,0.1514565086107104,0.1438660009450513
9,encoder_9,LiteConformer,8,0.3956908106803894,0.142820746785427,0.13599459820167523
9,encoder_9,LiteConformer,9,0.37703493787692144,0.1362180407192907,0.12950519676276295
9,encoder_9,LiteConformer,10,0.363047853914591,0.13371320232754758,0.12870456404577912
10,encoder_10,Linear,1,8.293425880945646,0.8084158783809245,0.810160235114347
10,encoder_10,Linear,2,4.309409870551183,0.8003550613541494,0.7958491996346856
10,encoder_10,Linear,3,2.9226964446214527,0.5895482526795991,0.5843527966829342
10,encoder_10,Linear,4,2.073499186680867,0.4195239958971983,0.41176480376162283
10,encoder_10,Linear,5,1.5815733469449558,0.3366652005968552,0.331101362512046
10,encoder_10,Linear,6,1.2955661906645848,0.28349452142797393,0.28163066829581335
10,encoder_10,Linear,7,1.1129893756829776,0.25587328554078037,0.25068078295493323
10,encoder_10,Linear,8,0.9865578795854862,0.23409978533413311,0.22937187214813443
10,encoder_10,Linear,9,0.8936518513239347,0.21873461962330729,0.21383303196119496
10,encoder_10,Linear,10,0.8226770772383764,0.20582361955369993,0.20236484619582457
10,encoder_10,MLP,1,4.794491079220405,0.9050173887748045,0.9062098764761247
10,encoder_10,MLP,2,2.970329334185674,0.6298619593246779,0.6297931347466813
10,encoder_10,MLP,3,1.4835659251763271,0.3210074115808414,0.31595144498205413
10,encoder_10,MLP,4,0.8697583347558975,0.25047692343427436,0.24562461783762246
10,encoder_10,MLP,5,0.7120968020879306,0.22416877128827079,0.22027762446181542
10,encoder_10,MLP,6,0.6375147874538715,0.21123283860881584,0.20625673129770009
10,encoder_10,MLP,7,0.5905991506118041,0.19889139027513472,0.19450366561050664
10,encoder_10,MLP,8,0.5595827813331897,0.18991408794336795,0.18570013255307605
10,encoder_10,MLP,9,0.534778916491912,0.18165378280108715,0.1775122261188812
10,encoder_10,MLP,10,0.5137266016923464,0.17092153347942565,0.16730667973442703
10,encoder_10,BiLSTM,1,4.080405517724844,1.0,1.0
10,encoder_10,BiLSTM,2,2.1126137086978325,0.536029494524252,0.5381823478975344
10,encoder_10,BiLSTM,3,0.8898796523992832,0.1943561173058736,0.19433608187007892
10,encoder_10,BiLSTM,4,0.5641895114229276,0.14701092345925668,0.14354404869620913
10,encoder_10,BiLSTM,5,0.45982533888174937,0.13119244096536267,0.12566948177810347
10,encoder_10,BiLSTM,6,0.4077461238090809,0.12270673048588089,0.12094441969097461
10,encoder_10,BiLSTM,7,0.37414344938901756,0.11624496694386978,0.11498947942377112
10,encoder_10,BiLSTM,8,0.34995637627748344,0.1129473644083564,0.11191238818406576
10,encoder_10,BiLSTM,9,0.330540957989601,0.11216158579289441,0.11049580367277548
10,encoder_10,BiLSTM,10,0.3146617262982405,0.10873468701928048,0.10639313926619055
10,encoder_10,Conv1D,1,2.923250534442755,0.33448528746702116,0.33237345250904804
10,encoder_10,Conv1D,2,0.6985265613748477,0.16568192577292284,0.1585827541139984
10,encoder_10,Conv1D,3,0.4890598266170575,0.14269485578712468,0.13756650990476418
10,encoder_10,Conv1D,4,0.42756327253121595,0.13186875914292895,0.12581565036944448
10,encoder_10,Conv1D,5,0.39304373631110556,0.12743709180096924,0.12096727772680864
10,encoder_10,Conv1D,6,0.3687361232363261,0.12545668480368038,0.11764560719774741
10,encoder_10,Conv1D,7,0.35023902316506095,0.11973931328301349,0.11261325450069935
10,encoder_10,Conv1D,8,0.3341114162252499,0.11668009537660522,0.1106222936626108
10,encoder_10,Conv1D,9,0.3198120567661065,0.11513107571306948,0.10969241345888532
10,encoder_10,Conv1D,10,0.3076771054130334,0.11425590192474605,0.10808885627852638
10,encoder_10,LiteConformer,1,3.652957879579984,0.991546055723667,0.9914243701365502
10,encoder_10,LiteConformer,2,2.1779159857676578,0.38734796587203,0.37880517523706814
10,encoder_10,LiteConformer,3,0.8265714895266753,0.23847283766798114,0.23284917633696864
10,encoder_10,LiteConformer,4,0.5903699598633326,0.1758765822674893,0.1694603972345202
10,encoder_10,LiteConformer,5,0.5016592589708475,0.15168925620573864,0.14632059574970732
10,encoder_10,LiteConformer,6,0.4572093789394085,0.15323162883288963,0.1504040007233391
10,encoder_10,LiteConformer,7,0.4275334686040878,0.14246609320124526,0.1379537966328348
10,encoder_10,LiteConformer,8,0.4044656820022143,0.1418686772925046,0.13784703588431457
10,encoder_10,LiteConformer,9,0.3883600490597578,0.13427408859630569,0.1307402034369122
10,encoder_10,LiteConformer,10,0.3747302676622684,0.13377583572831103,0.1301909813410342
11,encoder_11,Linear,1,4.934576215193822,0.9645656411593729,0.9660952192070446
11,encoder_11,Linear,2,3.7823778363374565,0.9454080369855948,0.9480295937649992
11,encoder_11,Linear,3,3.6579231390586266,0.922857104752936,0.9248876891135839
11,encoder_11,Linear,4,3.5329334919269266,0.8969799346767052,0.8976560774181246
11,encoder_11,Linear,5,3.4221098478023824,0.8756217505327996,0.8777099712732055
11,encoder_11,Linear,6,3.326192999803103,0.8521025344074222,0.8532358232958608
11,encoder_11,Linear,7,3.2444713088182304,0.8409780311645713,0.8404434170108354
11,encoder_11,Linear,8,3.1760515368901765,0.8153426037010228,0.8119994799703828
11,encoder_11,Linear,9,3.117709381763752,0.7939659923231621,0.791429802528474
11,encoder_11,Linear,10,3.067407851952773,0.7883458212892448,0.785251517574648
11,encoder_11,MLP,1,4.123406461568979,0.9392100561171115,0.9407517118393434
11,encoder_11,MLP,2,3.601781948713156,0.8723428873763396,0.8654924394699264
11,encoder_11,MLP,3,3.374703118434319,0.8201993885574351,0.8195502639645148
11,encoder_11,MLP,4,3.2141197727276727,0.7827219842922325,0.7818842561549952
11,encoder_11,MLP,5,3.1013465092732355,0.731536874873174,0.7308683532638823
11,encoder_11,MLP,6,3.014412492972154,0.7152399600759911,0.7117459612903029
11,encoder_11,MLP,7,2.9307063735448398,0.679156038061206,0.6762403811225822
11,encoder_11,MLP,8,2.8530248321019687,0.6637920061390475,0.6595916482347159
11,encoder_11,MLP,9,2.771977880367866,0.6447812421337596,0.636561859854438
11,encoder_11,MLP,10,2.687638414823092,0.6174446809969202,0.6128435148545264
11,encoder_11,BiLSTM,1,3.595209197814648,1.0,1.0
11,encoder_11,BiLSTM,2,2.9827376631590035,0.9996791888349564,0.9998564300114802
11,encoder_11,BiLSTM,3,1.8230034695221828,0.4548741822798157,0.45336054111287843
11,encoder_11,BiLSTM,4,0.941461996619518,0.2203234121952253,0.21923175085083113
11,encoder_11,BiLSTM,5,0.6613510147883341,0.17172276678450513,0.16473368379673423
11,encoder_11,BiLSTM,6,0.5501425655988547,0.15768985065483965,0.15333649942533073
11,encoder_11,BiLSTM,7,0.48879088621873124,0.14689662869386938,0.14056548029621818
11,encoder_11,BiLSTM,8,0.4503176033496857,0.13713703256657223,0.1323172749560216
11,encoder_11,BiLSTM,9,0.42421866609500003,0.13424140624960618,0.12963824105658892
11,encoder_11,BiLSTM,10,0.40162261655697457,0.13052375518358333,0.12485816807622648
11,encoder_11,Conv1D,1,3.2379169308222258,0.9433625453339921,0.9439497802018759
11,encoder_11,Conv1D,2,1.5838392211840704,0.2813252373167234,0.27416340105838455
11,encoder_11,Conv1D,3,0.7730903469599211,0.1964236227289324,0.19380524141372502
11,encoder_11,Conv1D,4,0.5997084784966249,0.17109834814881741,0.16978390180850347
11,encoder_11,Conv1D,5,0.5258369677341901,0.1545793014473223,0.15086858565533348
11,encoder_11,Conv1D,6,0.4822737732758889,0.14756266684614228,0.14393241061941614
11,encoder_11,Conv1D,7,0.4532533241006044,0.1400054989493018,0.13658239652612478
11,encoder_11,Conv1D,8,0.43163880958006934,0.14467605841373146,0.14170416883289627
11,encoder_11,Conv1D,9,0.414164574100421,0.1348881220607882,0.13245971038508023
11,encoder_11,Conv1D,10,0.401600188933886,0.12919459164223318,0.12716959748637527
11,encoder_11,LiteConformer,1,3.566617591564472,0.9964002922347185,0.9961238418283056
11,encoder_11,LiteConformer,2,3.0934310032771184,0.965082033429942,0.9650741133751528
11,encoder_11,LiteConformer,3,2.7037789766605083,0.6398371193317628,0.628980491086736
11,encoder_11,LiteConformer,4,1.4128656611992763,0.4584201919446233,0.4403820248648496
11,encoder_11,LiteConformer,5,0.8983434750483587,0.36767863853040345,0.35178550255581004
11,encoder_11,LiteConformer,6,0.7352722479746892,0.3171630855693744,0.3022884821448285
11,encoder_11,LiteConformer,7,0.6535630574593178,0.26488156461614537,0.24879711776724323
11,encoder_11,LiteConformer,8,0.6085899882591688,0.2512756003334344,0.23869002050879332
11,encoder_11,LiteConformer,9,0.5672894835472106,0.2181236349645164,0.20770348172205383
11,encoder_11,LiteConformer,10,0.540549512895254,0.2518083811218344,0.2376569138930807
12,encoder_12,Linear,1,7.658987778883714,0.7343125224846064,0.7398966971961343
12,encoder_12,Linear,2,3.3642427646196804,0.6093946382579082,0.6101730019035508
12,encoder_12,Linear,3,2.4223375155375555,0.5617611876671779,0.5540626762530361
12,encoder_12,Linear,4,2.0096361540831054,0.5375123936326276,0.5274212621932117
12,encoder_12,Linear,5,1.7731531840104324,0.5254805187829777,0.5135834292280721
12,encoder_12,Linear,6,1.6211473570420192,0.5125571448862636,0.5026798274804553
12,encoder_12,Linear,7,1.516168134029095,0.4982394724728785,0.48752450436284656
12,encoder_12,Linear,8,1.4380980849266052,0.48386799917095635,0.47339589073455773
12,encoder_12,Linear,9,1.3763640367067778,0.470599447129136,0.46034152465000305
12,encoder_12,Linear,10,1.325294523055737,0.46115018628219173,0.45009333492067904
12,encoder_12,MLP,1,4.320956902320568,0.8794499470260557,0.8795557637664428
12,encoder_12,MLP,2,2.195554426083198,0.5496306844646254,0.5431594810141414
12,encoder_12,MLP,3,1.5080954900154702,0.47975087729891364,0.4704893786800719
12,encoder_12,MLP,4,1.3055113567755772,0.4320283016547275,0.42473167493177805
12,encoder_12,MLP,5,1.1920885329063122,0.40031871683658427,0.39408995777032935
12,encoder_12,MLP,6,1.111119777881182,0.37307009003953,0.36647554790945835
12,encoder_12,MLP,7,1.0504542217804835,0.3593139456227014,0.3512803610775319
12,encoder_12,MLP,8,1.0005596078359165,0.34518142126140294,0.3352537484153636
12,encoder_12,MLP,9,0.9590690314769745,0.334750680436619,0.3246574511509111
12,encoder_12,MLP,10,0.9228652825722328,0.3292383130702295,0.317246523609334
12,encoder_12,BiLSTM,1,3.9104025648190426,1.0,1.0
12,encoder_12,BiLSTM,2,2.439629874779628,0.5985658024557177,0.5932892157921179
12,encoder_12,BiLSTM,3,1.2236218289687084,0.2917292083378522,0.28304026685138184
12,encoder_12,BiLSTM,4,0.8245042551022309,0.22424632969515737,0.214710544618237
12,encoder_12,BiLSTM,5,0.6787424745467993,0.19457103855671304,0.18851250450326335
12,encoder_12,BiLSTM,6,0.5989238133797279,0.17763722995751732,0.1734668627090369
12,encoder_12,BiLSTM,7,0.5469957635952876,0.16515366719293115,0.16503483862782165
12,encoder_12,BiLSTM,8,0.5098316158239659,0.15663907011366712,0.15616560360959308
12,encoder_12,BiLSTM,9,0.4801843184691209,0.15471495642750296,0.15379211376340782
12,encoder_12,BiLSTM,10,0.4558111719213999,0.14735422230402884,0.1457781999890368
12,encoder_12,Conv1D,1,3.177007583471445,0.6499573930311248,0.6549372042500194
12,encoder_12,Conv1D,2,1.316044137111077,0.3016196552103075,0.29571043997936175
12,encoder_12,Conv1D,3,0.8291570120132886,0.23780598424923138,0.2271374015412429
12,encoder_12,Conv1D,4,0.693099087705979,0.2076247425162172,0.20105021877119963
12,encoder_12,Conv1D,5,0.6252112737068763,0.19559507123321165,0.19104873721520127
12,encoder_12,Conv1D,6,0.5804525271058083,0.18420444572266687,0.18026325530739876
12,encoder_12,Conv1D,7,0.5468948600383905,0.17575716939183383,0.17229461128404513
12,encoder_12,Conv1D,8,0.5200333030177997,0.17040128593555473,0.16715627750251838
12,encoder_12,Conv1D,9,0.49806593862863685,0.1657363294675826,0.16040496853047292
12,encoder_12,Conv1D,10,0.4801437653028048,0.16127480950509607,0.15644258606488887
12,encoder_12,LiteConformer,1,3.644245149539067,0.9968120374896005,0.9967905369026817
12,encoder_12,LiteConformer,2,2.1927044020249293,0.4686717901822603,0.46122531642183784
12,encoder_12,LiteConformer,3,1.2140205417688077,0.36617379683041934,0.3551370664004442
12,encoder_12,LiteConformer,4,0.9986732347653462,0.3210611317704457,0.3114669332792042
12,encoder_12,LiteConformer,5,0.8740017432432908,0.29559304851013474,0.2837130275814782
12,encoder_12,LiteConformer,6,0.7856153660095655,0.2644955492156183,0.254252693312132
12,encoder_12,LiteConformer,7,0.7227050467179372,0.24394389924181992,0.24038110015836311
12,encoder_12,LiteConformer,8,0.6816219611809804,0.2367192595840572,0.23160691584140677
12,encoder_12,LiteConformer,9,0.6510090621618124,0.22268826426716173,0.21835796118915107
12,encoder_12,LiteConformer,10,0.6261939235604727,0.21173570768450273,0.20171760805574018
